{
    "extraction_strength": 0.26682539682539685,
    "forget_knowmem_ROUGE": 0.5525786744477013,
    "forget_verbmem_ROUGE": 0.5520342678085765,
    "privleak": -99.79999998004,
    "retain_knowmem_ROUGE": 0.44085443502351523
}