{
    "forget_knowmem_ROUGE": 0.5602223681890864,
    "forget_verbmem_ROUGE": 0.2378407350347387,
    "retain_knowmem_ROUGE": 0.5533485107410715
}