{
    "exact_memorization": 0.33145878159441056,
    "extraction_strength": 0.0386379155730357,
    "forget_Q_A_PARA_Prob": 0.005834368757035908,
    "forget_Q_A_gibberish": 0.8696848837163997,
    "forget_truth_ratio": 0.4079049365851576,
    "mia_loss": 0.029168749999999997,
    "mia_min_k": 0.025637499999999997,
    "mia_min_k_plus_plus": 0.06386249999999999,
    "mia_zlib": 0.009743749999999968,
    "model_utility": 0.5614145732350307
}