{
    "exact_memorization": 0.632566582262516,
    "extraction_strength": 0.06459707848544109,
    "forget_Q_A_PARA_Prob": 0.070350341796875,
    "forget_Q_A_gibberish": 0.8951789651531726,
    "forget_truth_ratio": 0.7309963814226204,
    "mia_loss": 0.5675281249999999,
    "mia_min_k": 0.53186875,
    "mia_min_k_plus_plus": 0.25554374999999996,
    "mia_zlib": 0.45162812500000005,
    "model_utility": 0.32363631685054794
}