{
    "exact_memorization": 0.9983392949402332,
    "extraction_strength": 0.9789440160652491,
    "forget_Q_A_PARA_Prob": 0.0671734619140625,
    "forget_Q_A_gibberish": 0.8635000085271894,
    "forget_truth_ratio": 0.4728394891896224,
    "mia_loss": 0.9995906250000001,
    "mia_min_k": 0.99960625,
    "mia_min_k_plus_plus": 0.9988687500000001,
    "mia_zlib": 0.99980625,
    "model_utility": 0.6258352739392227
}