{
    "extraction_strength": 0.25523809523809526,
    "forget_knowmem_ROUGE": 0.5848491893097156,
    "forget_verbmem_ROUGE": 0.5183432196295413,
    "privleak": -99.71999998005599,
    "retain_knowmem_ROUGE": 0.49729917615331304
}