{
    "extraction_strength": 0.007936507936507908,
    "forget_knowmem_ROUGE": 0.0020050125313283208,
    "forget_verbmem_ROUGE": 0.024598704991189376,
    "privleak": -1.6199999996759993,
    "retain_knowmem_ROUGE": 0.005390389220973928
}