{
    "exact_memorization": 0.7003921748697758,
    "extraction_strength": 0.0820202864636145,
    "forget_Q_A_PARA_Prob": 0.06383834838867188,
    "forget_Q_A_gibberish": 0.9069939555600286,
    "forget_truth_ratio": 0.6041047566736344,
    "mia_loss": 0.78489375,
    "mia_min_k": 0.7929156250000001,
    "mia_min_k_plus_plus": 0.5943375000000001,
    "mia_zlib": 0.7172812500000001,
    "model_utility": 0.6113321588638974
}