{
    "exact_memorization": 0.373195416405797,
    "extraction_strength": 0.04038713363456916,
    "forget_Q_A_PARA_Prob": 0.006338519208719575,
    "forget_Q_A_gibberish": 0.7936771868204232,
    "forget_truth_ratio": 0.37462606778067076,
    "mia_loss": 0.027587499999999997,
    "mia_min_k": 0.024218750000000008,
    "mia_min_k_plus_plus": 0.08059374999999999,
    "mia_zlib": 0.0051812499999999975,
    "model_utility": 0.5913563388198236
}