{
    "extraction_strength": 0.29047619047619055,
    "forget_knowmem_ROUGE": 0.6289397393799869,
    "forget_verbmem_ROUGE": 0.5564516698261438,
    "privleak": -99.819999980036,
    "retain_knowmem_ROUGE": 0.5752073294607755
}