{
    "extraction_strength": 0.15650793650793648,
    "forget_knowmem_ROUGE": 0.0,
    "forget_verbmem_ROUGE": 0.3304673159942708,
    "privleak": -60.93999998781199,
    "retain_knowmem_ROUGE": 0.47788321067963013
}