{
    "exact_memorization": 0.646436872035265,
    "extraction_strength": 0.06927500113528477,
    "forget_Q_A_PARA_Prob": 0.06163501739501953,
    "forget_Q_A_gibberish": 0.9081126685952767,
    "forget_truth_ratio": 0.64263095066115,
    "mia_loss": 0.553865625,
    "mia_min_k": 0.557521875,
    "mia_min_k_plus_plus": 0.34319375,
    "mia_zlib": 0.48031250000000003,
    "model_utility": 0.5522657941460145
}