{
    "exact_memorization": 0.6328103155642748,
    "extraction_strength": 0.06435773762916475,
    "forget_Q_A_PARA_Prob": 0.08366645812988281,
    "forget_Q_A_gibberish": 0.8940422702860087,
    "forget_truth_ratio": 0.6802947848414641,
    "mia_loss": 0.46493124999999996,
    "mia_min_k": 0.448084375,
    "mia_min_k_plus_plus": 0.23948124999999998,
    "mia_zlib": 0.37841562500000003,
    "model_utility": 0.4700321980592809
}