{
    "extraction_strength": 0.2443650793650794,
    "forget_knowmem_ROUGE": 0.5309858380353736,
    "forget_verbmem_ROUGE": 0.46051415694123304,
    "privleak": -99.819999980036,
    "retain_knowmem_ROUGE": 0.4787748808314534
}