{
    "exact_memorization": 0.6344403270632029,
    "extraction_strength": 0.06664780040831089,
    "forget_Q_A_PARA_Prob": 0.05708173751831055,
    "forget_Q_A_gibberish": 0.9088728714128956,
    "forget_truth_ratio": 0.6424059013060378,
    "mia_loss": 0.41191875,
    "mia_min_k": 0.394990625,
    "mia_min_k_plus_plus": 0.2173875,
    "mia_zlib": 0.335896875,
    "model_utility": 0.49011869464281843
}