{
    "exact_memorization": 0.9185376711189747,
    "extraction_strength": 0.31095287871990757,
    "forget_Q_A_PARA_Prob": 0.0651437839656137,
    "forget_Q_A_gibberish": 0.8983319874107838,
    "forget_truth_ratio": 0.504049549035922,
    "mia_loss": 0.9960187500000001,
    "mia_min_k": 0.996125,
    "mia_min_k_plus_plus": 0.9861374999999999,
    "mia_zlib": 0.99461875,
    "model_utility": 0.6199794686892974
}