{
    "extraction_strength": 0.09793650793650795,
    "forget_knowmem_ROUGE": 0.13920109015461685,
    "forget_verbmem_ROUGE": 0.1871745936906207,
    "privleak": -65.81999998683598,
    "retain_knowmem_ROUGE": 0.23970029007755617
}