{
    "exact_memorization": 0.3707335412222892,
    "extraction_strength": 0.03659778888018987,
    "forget_Q_A_PARA_Prob": 0.006907981932163239,
    "forget_Q_A_gibberish": 0.7635242191888392,
    "forget_truth_ratio": 0.5666158631313378,
    "mia_loss": 0.03105,
    "mia_min_k": 0.02980624999999999,
    "mia_min_k_plus_plus": 0.522028125,
    "mia_zlib": 0.02072499999999999,
    "model_utility": 0.5512988693489672
}