{
    "exact_memorization": 0.7296734358230605,
    "extraction_strength": 0.32738063099200687,
    "forget_Q_A_PARA_Prob": 0.02944610521197319,
    "forget_Q_A_gibberish": 0.33497721134437597,
    "forget_truth_ratio": 0.15461632916740845,
    "mia_loss": 0.79888125,
    "mia_min_k": 0.8104062499999999,
    "mia_min_k_plus_plus": 0.8589375,
    "mia_zlib": 0.77153125,
    "model_utility": 0.5035717695242522
}