{
    "exact_memorization": 0.6664001157134771,
    "extraction_strength": 0.07302953626094849,
    "forget_Q_A_PARA_Prob": 0.0829669189453125,
    "forget_Q_A_gibberish": 0.9089924273057841,
    "forget_truth_ratio": 0.6488673597674832,
    "mia_loss": 0.718303125,
    "mia_min_k": 0.7312937499999999,
    "mia_min_k_plus_plus": 0.60809375,
    "mia_zlib": 0.644971875,
    "model_utility": 0.5748553223204256
}