{
    "forget_knowmem_ROUGE": 0.5025352169853448,
    "forget_verbmem_ROUGE": 0.21503951362875542,
    "retain_knowmem_ROUGE": 0.4485403254108045
}