{
    "exact_memorization": 0.6375368545949459,
    "extraction_strength": 0.06549106619376298,
    "forget_Q_A_PARA_Prob": 0.10877273559570312,
    "forget_Q_A_gibberish": 0.9006042637396604,
    "forget_truth_ratio": 0.7105413906279757,
    "mia_loss": 0.5979937500000001,
    "mia_min_k": 0.599140625,
    "mia_min_k_plus_plus": 0.45651875,
    "mia_zlib": 0.5075000000000001,
    "model_utility": 0.5348075163301473
}