{
    "forget_knowmem_ROUGE": 0.5997076817453327,
    "retain_knowmem_ROUGE": 0.46148122719508167
}