{
    "forget_knowmem_ROUGE": 0.060197170330903,
    "retain_knowmem_ROUGE": 0.06024579264710844
}