{
    "exact_memorization": 0.6763010947406292,
    "extraction_strength": 0.07391013370571127,
    "forget_Q_A_PARA_Prob": 0.0701171875,
    "forget_Q_A_gibberish": 0.8995852171955631,
    "forget_truth_ratio": 0.6275824298629202,
    "mia_loss": 0.726378125,
    "mia_min_k": 0.7386312500000001,
    "mia_min_k_plus_plus": 0.57645625,
    "mia_zlib": 0.6546500000000001,
    "model_utility": 0.5785359488668554
}