{
    "exact_memorization": 0.7937829004973174,
    "extraction_strength": 0.15960747041149448,
    "forget_Q_A_PARA_Prob": 0.01356971710920334,
    "forget_Q_A_gibberish": 0.6647118051326834,
    "forget_truth_ratio": 0.5131474967588411,
    "mia_loss": 0.7232468750000001,
    "mia_min_k": 0.69064375,
    "mia_min_k_plus_plus": 0.86718125,
    "mia_zlib": 0.62835625,
    "model_utility": 0.4704716790994233
}