{
    "exact_memorization": 0.9805750903487206,
    "extraction_strength": 0.6420384584085934,
    "forget_Q_A_PARA_Prob": 0.08079063415527343,
    "forget_Q_A_gibberish": 0.8823360123718157,
    "forget_truth_ratio": 0.49559482059066295,
    "mia_loss": 0.9975437500000001,
    "mia_min_k": 0.9975625,
    "mia_min_k_plus_plus": 0.9782625,
    "mia_zlib": 0.99779375,
    "model_utility": 0.6457752925257199
}