{
    "exact_memorization": 0.8399862885475159,
    "extraction_strength": 0.17212424948119198,
    "forget_Q_A_PARA_Prob": 0.09369857788085938,
    "forget_Q_A_gibberish": 0.8970340011641383,
    "forget_truth_ratio": 0.5598852479335124,
    "mia_loss": 0.974459375,
    "mia_min_k": 0.9772531250000001,
    "mia_min_k_plus_plus": 0.93871875,
    "mia_zlib": 0.9622312499999999,
    "model_utility": 0.6119255783610266
}