{
    "extraction_strength": 0.008174603174603149,
    "forget_knowmem_ROUGE": 0.0017391304347826085,
    "forget_verbmem_ROUGE": 0.04248428733444414,
    "privleak": -15.979999996804018,
    "retain_knowmem_ROUGE": 0.014870960935425392
}