{
    "exact_memorization": 0.6303413297981024,
    "extraction_strength": 0.07066248381483504,
    "forget_Q_A_PARA_Prob": 0.130491943359375,
    "forget_Q_A_gibberish": 0.8688978573679924,
    "forget_truth_ratio": 0.5160672254836157,
    "mia_loss": 0.953134375,
    "mia_min_k": 0.9775656250000001,
    "mia_min_k_plus_plus": 0.95276875,
    "mia_zlib": 0.9105812499999999,
    "model_utility": 0.7014441301411602
}