{
    "extraction_strength": 0.2945238095238095,
    "forget_knowmem_ROUGE": 0.6181531102884044,
    "forget_verbmem_ROUGE": 0.5471011499865054,
    "privleak": -99.819999980036,
    "retain_knowmem_ROUGE": 0.5417638734557095
}