{
    "exact_memorization": 0.7958107820153236,
    "extraction_strength": 0.20406498540334328,
    "forget_Q_A_PARA_Prob": 0.05623300960782217,
    "forget_Q_A_gibberish": 0.8494062020420097,
    "forget_truth_ratio": 0.48186753037704677,
    "mia_loss": 0.88494375,
    "mia_min_k": 0.8805124999999999,
    "mia_min_k_plus_plus": 0.9191750000000001,
    "mia_zlib": 0.81370625,
    "model_utility": 0.5631902848726442
}