{
    "exact_memorization": 0.9983392949402332,
    "extraction_strength": 0.9789440160652491,
    "forget_Q_A_PARA_Prob": 0.06757624626159668,
    "forget_Q_A_gibberish": 0.8300125245377421,
    "forget_truth_ratio": 0.4745360393176699,
    "mia_loss": 0.99961875,
    "mia_min_k": 0.99961875,
    "mia_min_k_plus_plus": 0.99878125,
    "mia_zlib": 0.99980625,
    "model_utility": 0.6277160427283163
}