{
    "exact_memorization": 0.5659045769274235,
    "extraction_strength": 0.04603527803303708,
    "forget_Q_A_PARA_Prob": 0.0036925481935031713,
    "forget_Q_A_gibberish": 0.8143335425923578,
    "forget_truth_ratio": 0.013004607150124697,
    "mia_loss": 0.7903625000000001,
    "mia_min_k": 0.8757999999999999,
    "mia_min_k_plus_plus": 0.8785375000000001,
    "mia_zlib": 0.69669375,
    "model_utility": 0.6328432478951725
}