{
    "exact_memorization": 0.6335412239283323,
    "extraction_strength": 0.0639120757066883,
    "forget_Q_A_PARA_Prob": 0.0784235382080078,
    "forget_Q_A_gibberish": 0.9022317039314658,
    "forget_truth_ratio": 0.7321020953678027,
    "mia_loss": 0.5718562500000001,
    "mia_min_k": 0.55045,
    "mia_min_k_plus_plus": 0.36323750000000005,
    "mia_zlib": 0.44189999999999996,
    "model_utility": 0.3733067475210085
}