{
    "extraction_strength": 0.1391269841269841,
    "forget_knowmem_ROUGE": 0.5774154146507087,
    "forget_verbmem_ROUGE": 0.4127980035147237,
    "privleak": -99.71999998005599,
    "retain_knowmem_ROUGE": 0.5038651439279294
}