{
    "extraction_strength": 0.18873015873015878,
    "forget_knowmem_ROUGE": 0.3290584993781589,
    "forget_verbmem_ROUGE": 0.33368939725428454,
    "privleak": -93.03999998139201,
    "retain_knowmem_ROUGE": 0.35175811571599197
}