{
    "forget_knowmem_ROUGE": 0.6141168591756826,
    "forget_verbmem_ROUGE": 0.5382780986546633,
    "retain_knowmem_ROUGE": 0.5530033263715906
}