{
    "exact_memorization": 0.6318684102594853,
    "extraction_strength": 0.06353982420871006,
    "forget_Q_A_PARA_Prob": 0.07765155792236328,
    "forget_Q_A_gibberish": 0.9010096671106294,
    "forget_truth_ratio": 0.6820033505137613,
    "mia_loss": 0.38685625,
    "mia_min_k": 0.34764375000000003,
    "mia_min_k_plus_plus": 0.157575,
    "mia_zlib": 0.3128875,
    "model_utility": 0.41541824301767877
}