{
    "exact_memorization": 0.6426289453357458,
    "extraction_strength": 0.06881119054294685,
    "forget_Q_A_PARA_Prob": 0.049738988876342774,
    "forget_Q_A_gibberish": 0.907205426208675,
    "forget_truth_ratio": 0.6193780547677151,
    "mia_loss": 0.487621875,
    "mia_min_k": 0.47909375000000004,
    "mia_min_k_plus_plus": 0.2992125,
    "mia_zlib": 0.42146562500000007,
    "model_utility": 0.4849258483386262
}