{
    "exact_memorization": 0.6312271110713482,
    "extraction_strength": 0.06474986870288647,
    "forget_Q_A_PARA_Prob": 0.08278877258300782,
    "forget_Q_A_gibberish": 0.91420758895576,
    "forget_truth_ratio": 0.6879841786809575,
    "mia_loss": 0.42520312499999996,
    "mia_min_k": 0.395053125,
    "mia_min_k_plus_plus": 0.19513750000000002,
    "mia_zlib": 0.348984375,
    "model_utility": 0.4589271261133913
}