{
    "exact_memorization": 0.4905056197568774,
    "extraction_strength": 0.04225870617532017,
    "forget_Q_A_PARA_Prob": 0.0008285279804840684,
    "forget_Q_A_gibberish": 0.8046607079135719,
    "forget_truth_ratio": 0.0006772420439005141,
    "mia_loss": 0.1781125,
    "mia_min_k": 0.23465000000000003,
    "mia_min_k_plus_plus": 0.6813312499999999,
    "mia_zlib": 0.12787500000000002,
    "model_utility": 0.6052291146977065
}