{
    "exact_memorization": 0.0733183512976393,
    "extraction_strength": 0.0954489205194381,
    "forget_Q_A_PARA_Prob": 0.004438676238059998,
    "forget_Q_A_gibberish": 0.3543392527968535,
    "forget_truth_ratio": 0.6194979020960547,
    "mia_loss": 0.07547812499999995,
    "mia_min_k": 0.07908124999999995,
    "mia_min_k_plus_plus": 0.9490687500000001,
    "mia_zlib": 0.07179374999999995,
    "model_utility": 0.6183722796910188
}