{
    "extraction_strength": 0.2605555555555556,
    "forget_knowmem_ROUGE": 0.6295080824748006,
    "forget_verbmem_ROUGE": 0.5254794233270978,
    "privleak": -99.679999980064,
    "retain_knowmem_ROUGE": 0.5507854912501535
}