{
    "extraction_strength": 0.14817460317460315,
    "forget_knowmem_ROUGE": 0.41998479755538576,
    "forget_verbmem_ROUGE": 0.36801768084544045,
    "privleak": -99.05999998018802,
    "retain_knowmem_ROUGE": 0.4027616137156518
}