{
    "exact_memorization": 0.8199123270809651,
    "extraction_strength": 0.16463273745604018,
    "forget_Q_A_PARA_Prob": 0.10805511474609375,
    "forget_Q_A_gibberish": 0.9150493407342583,
    "forget_truth_ratio": 0.5790663546834982,
    "mia_loss": 0.96835625,
    "mia_min_k": 0.9731875,
    "mia_min_k_plus_plus": 0.9536125,
    "mia_zlib": 0.9549375,
    "model_utility": 0.5998259014306279
}