{
    "exact_memorization": 0.632900697439909,
    "extraction_strength": 0.06380632515934292,
    "forget_Q_A_PARA_Prob": 0.10166015625,
    "forget_Q_A_gibberish": 0.8954367282404564,
    "forget_truth_ratio": 0.7084771510757497,
    "mia_loss": 0.513634375,
    "mia_min_k": 0.4958093750000001,
    "mia_min_k_plus_plus": 0.29215,
    "mia_zlib": 0.435934375,
    "model_utility": 0.4731064227918136
}