{
    "forget_knowmem_ROUGE": 0.32591710840547156,
    "forget_verbmem_ROUGE": 0.1686654121185176,
    "retain_knowmem_ROUGE": 0.28286863498130044
}