{
    "extraction_strength": 0.2945238095238096,
    "forget_knowmem_ROUGE": 0.6395080824748006,
    "forget_verbmem_ROUGE": 0.56455168975967,
    "privleak": -99.819999980036,
    "retain_knowmem_ROUGE": 0.5544913678839286
}