{
    "exact_memorization": 0.9983392949402332,
    "extraction_strength": 0.9789440160652491,
    "forget_Q_A_PARA_Prob": 0.06766532897949219,
    "forget_Q_A_gibberish": 0.8634941030479968,
    "forget_truth_ratio": 0.4739024872682783,
    "mia_loss": 0.9995750000000001,
    "mia_min_k": 0.99960625,
    "mia_min_k_plus_plus": 0.99878125,
    "mia_zlib": 0.99980625,
    "model_utility": 0.6259294115557029
}