{
    "exact_memorization": 0.6067552465572953,
    "extraction_strength": 0.06954826404960034,
    "forget_Q_A_PARA_Prob": 0.030507875434559538,
    "forget_Q_A_gibberish": 0.9012347756139935,
    "forget_truth_ratio": 0.5953877497603899,
    "mia_loss": 0.38015625,
    "mia_min_k": 0.371875,
    "mia_min_k_plus_plus": 0.41235,
    "mia_zlib": 0.31416875,
    "model_utility": 0.6079707503225114
}