{
    "exact_memorization": 0.3298978126887232,
    "extraction_strength": 0.0364212013235423,
    "forget_Q_A_PARA_Prob": 0.004538336947311958,
    "forget_Q_A_gibberish": 0.7439466503693256,
    "forget_truth_ratio": 0.3279208309824102,
    "mia_loss": 0.0203375,
    "mia_min_k": 0.017543750000000004,
    "mia_min_k_plus_plus": 0.06346874999999999,
    "mia_zlib": 0.0020249999999999917,
    "model_utility": 0.5804448104531177
}