{
    "forget_knowmem_ROUGE": 0.3801261698891247,
    "forget_verbmem_ROUGE": 0.1939970324571597,
    "retain_knowmem_ROUGE": 0.36107619560452486
}