{
    "forget_knowmem_ROUGE": 0.28016490406364547,
    "forget_verbmem_ROUGE": 0.15504663493946746,
    "retain_knowmem_ROUGE": 0.2813980048431425
}