{
    "extraction_strength": 0.2518253968253968,
    "forget_knowmem_ROUGE": 0.5579103051182158,
    "forget_verbmem_ROUGE": 0.47155880278599893,
    "privleak": -99.79999998004,
    "retain_knowmem_ROUGE": 0.49587434763277416
}