{
    "forget_knowmem_ROUGE": 0.6395080824748006,
    "retain_knowmem_ROUGE": 0.5551580345505953
}