{
    "exact_memorization": 0.6499987255781889,
    "extraction_strength": 0.06981662737841737,
    "forget_Q_A_PARA_Prob": 0.05475170135498047,
    "forget_Q_A_gibberish": 0.9033730219909921,
    "forget_truth_ratio": 0.6267389217552083,
    "mia_loss": 0.524140625,
    "mia_min_k": 0.5222531250000001,
    "mia_min_k_plus_plus": 0.30810000000000004,
    "mia_zlib": 0.45198125,
    "model_utility": 0.5561562149120451
}