{
    "extraction_strength": 0.21817460317460316,
    "forget_knowmem_ROUGE": 0.5259050875165425,
    "forget_verbmem_ROUGE": 0.4821362906552298,
    "privleak": -99.19999998016,
    "retain_knowmem_ROUGE": 0.4051907266135897
}