{
    "exact_memorization": 0.1613290610164404,
    "extraction_strength": 0.03423335009777189,
    "forget_Q_A_PARA_Prob": 1.1630207300186157e-05,
    "forget_Q_A_gibberish": 0.06347907048882917,
    "forget_truth_ratio": 0.15904315658868737,
    "mia_loss": 0.7181812499999999,
    "mia_min_k": 0.754028125,
    "mia_min_k_plus_plus": 0.6643062499999999,
    "mia_zlib": 0.632671875,
    "model_utility": 0.007524822016924312
}