{
    "extraction_strength": 0.2532539682539683,
    "forget_knowmem_ROUGE": 0.5559103051182158,
    "forget_verbmem_ROUGE": 0.4822915701142486,
    "privleak": -99.79999998004,
    "retain_knowmem_ROUGE": 0.4808129572687523
}