{
    "exact_memorization": 0.7666301241517067,
    "extraction_strength": 0.10742976344039395,
    "forget_Q_A_PARA_Prob": 0.04375178813934326,
    "forget_Q_A_gibberish": 0.8809416315890849,
    "forget_truth_ratio": 0.5634782137147244,
    "mia_loss": 0.8852312499999999,
    "mia_min_k": 0.8858812500000001,
    "mia_min_k_plus_plus": 0.7875,
    "mia_zlib": 0.834478125,
    "model_utility": 0.6197574554867727
}