{
    "extraction_strength": 0.16222222222222224,
    "forget_knowmem_ROUGE": 0.5605581611371084,
    "forget_verbmem_ROUGE": 0.4620120250358611,
    "privleak": -99.659999980068,
    "retain_knowmem_ROUGE": 0.5216458059815893
}