{
    "extraction_strength": 0.16007936507936507,
    "forget_knowmem_ROUGE": 0.6445080824748007,
    "forget_verbmem_ROUGE": 0.3043525798947176,
    "privleak": -4.659999999067997,
    "retain_knowmem_ROUGE": 0.5533485107410715
}