{
    "exact_memorization": 0.4557662362139672,
    "extraction_strength": 0.04285511523635416,
    "forget_Q_A_PARA_Prob": 0.002439067403320223,
    "forget_Q_A_gibberish": 0.8199944522930309,
    "forget_truth_ratio": 0.006691297667101901,
    "mia_loss": 0.59289375,
    "mia_min_k": 0.81590625,
    "mia_min_k_plus_plus": 0.82933125,
    "mia_zlib": 0.5044875,
    "model_utility": 0.6198765379827516
}