{
    "exact_memorization": 0.6376682100445032,
    "extraction_strength": 0.0673198650365477,
    "forget_Q_A_PARA_Prob": 0.06007908821105957,
    "forget_Q_A_gibberish": 0.9037499667704105,
    "forget_truth_ratio": 0.6512125553222495,
    "mia_loss": 0.44577812499999997,
    "mia_min_k": 0.43958437499999997,
    "mia_min_k_plus_plus": 0.25976875,
    "mia_zlib": 0.376228125,
    "model_utility": 0.5459686860516604
}