{
    "exact_memorization": 0.6228289461135864,
    "extraction_strength": 0.06258784356232734,
    "forget_Q_A_PARA_Prob": 0.02640279480845493,
    "forget_Q_A_gibberish": 0.8876945204054937,
    "forget_truth_ratio": 0.5750771868475308,
    "mia_loss": 0.33666874999999996,
    "mia_min_k": 0.3225875,
    "mia_min_k_plus_plus": 0.40310625,
    "mia_zlib": 0.28480625,
    "model_utility": 0.6156588044326405
}