{
    "exact_memorization": 0.2593008852750063,
    "extraction_strength": 0.03379581587466192,
    "forget_Q_A_PARA_Prob": 0.002300812482217611,
    "forget_Q_A_gibberish": 0.8207907336170319,
    "forget_truth_ratio": 0.3115823179451647,
    "mia_loss": 0.017206249999999992,
    "mia_min_k": 0.014206249999999981,
    "mia_min_k_plus_plus": 0.04445624999999999,
    "mia_zlib": 0.0020437499999999913,
    "model_utility": 0.5217228929786446
}