{
    "exact_memorization": 0.8027610596269369,
    "extraction_strength": 0.1393552471156426,
    "forget_Q_A_PARA_Prob": 0.15190643310546875,
    "forget_Q_A_gibberish": 0.9121620025485754,
    "forget_truth_ratio": 0.6381374857519084,
    "mia_loss": 0.9451437500000001,
    "mia_min_k": 0.9595125,
    "mia_min_k_plus_plus": 0.9774875000000001,
    "mia_zlib": 0.9100812500000001,
    "model_utility": 0.5801253415014064
}