{
    "exact_memorization": 0.8611928963661194,
    "extraction_strength": 0.24333901247303785,
    "forget_Q_A_PARA_Prob": 0.02050793632864952,
    "forget_Q_A_gibberish": 0.6840469763512373,
    "forget_truth_ratio": 0.4760156523106167,
    "mia_loss": 0.8694406250000001,
    "mia_min_k": 0.852325,
    "mia_min_k_plus_plus": 0.9283437500000001,
    "mia_zlib": 0.79061875,
    "model_utility": 0.48865577848444564
}