{
    "extraction_strength": 0.2779365079365079,
    "forget_knowmem_ROUGE": 0.5582390289449113,
    "forget_verbmem_ROUGE": 0.5072004990383254,
    "privleak": -99.819999980036,
    "retain_knowmem_ROUGE": 0.510268231526658
}