{
    "exact_memorization": 0.6313335172086955,
    "extraction_strength": 0.06446975112088721,
    "forget_Q_A_PARA_Prob": 0.07949073791503906,
    "forget_Q_A_gibberish": 0.9031733854301274,
    "forget_truth_ratio": 0.6841088051456952,
    "mia_loss": 0.39203750000000004,
    "mia_min_k": 0.35203125,
    "mia_min_k_plus_plus": 0.16133749999999997,
    "mia_zlib": 0.316446875,
    "model_utility": 0.41059515987856626
}