{
    "extraction_strength": 0.29095238095238096,
    "forget_knowmem_ROUGE": 0.6445080824748007,
    "forget_verbmem_ROUGE": 0.08696469550482921,
    "privleak": -99.819999980036,
    "retain_knowmem_ROUGE": 0.5565721759647367
}