{
    "exact_memorization": 0.5070799788460135,
    "extraction_strength": 0.05465157287397794,
    "forget_Q_A_PARA_Prob": 0.0271529145387467,
    "forget_Q_A_gibberish": 0.8562346104206517,
    "forget_truth_ratio": 0.600895476043582,
    "mia_loss": 0.65851875,
    "mia_min_k": 0.6941374999999999,
    "mia_min_k_plus_plus": 0.6230374999999999,
    "mia_zlib": 0.58716875,
    "model_utility": 0.3459772181098793
}