{
    "extraction_strength": 0.23896825396825402,
    "forget_knowmem_ROUGE": 0.5198343228838584,
    "forget_verbmem_ROUGE": 0.47261463137208454,
    "privleak": -97.79999998044,
    "retain_knowmem_ROUGE": 0.4838887696510325
}