{
    "forget_knowmem_ROUGE": 0.6445080824748007,
    "forget_verbmem_ROUGE": 0.2945233454829095,
    "retain_knowmem_ROUGE": 0.5533485107410715
}