{
    "extraction_strength": 0.2773015873015873,
    "forget_knowmem_ROUGE": 0.5896578026910043,
    "forget_verbmem_ROUGE": 0.5256458997673578,
    "privleak": -99.819999980036,
    "retain_knowmem_ROUGE": 0.515549997370781
}