{
    "exact_memorization": 0.6607218646258116,
    "extraction_strength": 0.06997177938308936,
    "forget_Q_A_PARA_Prob": 0.07973960876464843,
    "forget_Q_A_gibberish": 0.9043318474106491,
    "forget_truth_ratio": 0.6483650809368282,
    "mia_loss": 0.707065625,
    "mia_min_k": 0.7204937499999999,
    "mia_min_k_plus_plus": 0.5899375000000001,
    "mia_zlib": 0.630528125,
    "model_utility": 0.5779139634965439
}