{
    "exact_memorization": 0.639839129447937,
    "extraction_strength": 0.06565535014370028,
    "forget_Q_A_PARA_Prob": 0.10649215698242187,
    "forget_Q_A_gibberish": 0.8989660992845893,
    "forget_truth_ratio": 0.7309001560575358,
    "mia_loss": 0.6324843749999999,
    "mia_min_k": 0.641834375,
    "mia_min_k_plus_plus": 0.5893937499999998,
    "mia_zlib": 0.521284375,
    "model_utility": 0.47937617529163157
}