{
    "exact_memorization": 0.8663648691773415,
    "extraction_strength": 0.20320983493092817,
    "forget_Q_A_PARA_Prob": 0.08488265991210937,
    "forget_Q_A_gibberish": 0.8909195018559695,
    "forget_truth_ratio": 0.5401033710944454,
    "mia_loss": 0.9810875000000001,
    "mia_min_k": 0.9827125,
    "mia_min_k_plus_plus": 0.91719375,
    "mia_zlib": 0.9722500000000001,
    "model_utility": 0.6212325325515119
}