{
    "extraction_strength": 0.06531746031746032,
    "forget_knowmem_ROUGE": 0.23555174031335022,
    "forget_verbmem_ROUGE": 0.26929503178987785,
    "privleak": -91.39999998171999,
    "retain_knowmem_ROUGE": 0.3660094654067159
}