{
    "extraction_strength": 0.2995238095238096,
    "forget_knowmem_ROUGE": 0.6445080824748007,
    "forget_verbmem_ROUGE": 0.5568538485623016,
    "privleak": -99.819999980036,
    "retain_knowmem_ROUGE": 0.5436452140377748
}