{
    "extraction_strength": 0.2923015873015873,
    "forget_knowmem_ROUGE": 0.6102698285546583,
    "forget_verbmem_ROUGE": 0.5441814711082423,
    "privleak": -99.819999980036,
    "retain_knowmem_ROUGE": 0.5398253083171445
}