{
    "extraction_strength": 0.29095238095238096,
    "forget_knowmem_ROUGE": 0.6395080824748006,
    "forget_verbmem_ROUGE": 0.08253870934993562,
    "privleak": -99.819999980036,
    "retain_knowmem_ROUGE": 0.5551580345505953
}