{
    "extraction_strength": 0.2895238095238095,
    "forget_knowmem_ROUGE": 0.5888878017407428,
    "forget_verbmem_ROUGE": 0.5209795490382914,
    "privleak": -99.819999980036,
    "retain_knowmem_ROUGE": 0.5252545434603385
}