{
    "forget_knowmem_ROUGE": 0.35782307619069637,
    "forget_verbmem_ROUGE": 0.18600970586936197,
    "retain_knowmem_ROUGE": 0.34008788843950843
}